id,code_name,country,capital_address,tutor_id
1,yxix07qijp,Liberia,"Artesia, Golden Leaf Drive 75",3433
2,kuca063dr7,Vatican City State (Holy See),"San Ramon, Glacier Hill Point 18",2823
3,h0f9fuxqzm,Haiti,"Maywood, Vernon Place 76",8235
4,7phjx5dgo0,Niger,"Cathedral City, Lawn Court 52",7667
5,93zsb035sh,Morocco,"Ridgecrest, Northfield Trail 58",27411
6,501yus7pxy,Kuwait,"Etna, Bobwhite Alley 48",48515
7,0noqer3q7p,Brunei Darussalam,"Villa Park, Becker Terrace 94",38945
8,xcriglqzeb,Kiribati,"Concord, Pepper Wood Street 38",26367
9,ivkoebfn6k,Romania,"Pinole, Gina Trail 70",20529
10,sx5gkzro6t,Zambia,"Plymouth, Norway Maple Road 3",37918
11,okp173io7z,Saint Pierre and Miquelon,"Vallejo, Lotheville Alley 56",9321
12,rgqe88o7lq,Mexico,"Dorris, Moose Center 70",6035
13,65h223ve6i,Timor-Leste,"Aliso Viejo, Nancy Street 44",26263
14,gxasb3xhj9,Seychelles,"Costa Mesa, Sunnyside Place 96",30481
15,5cezvmy7vf,Bulgaria,"Livermore, Blaine Point 14",11143
16,09bmpnz4nr,Cambodia,"Firebaugh, Manufacturers Circle 37",25061
17,8icmri12jz,Serbia,"Hawaiian Gardens, Carpenter Alley 22",10420
18,6phek9zehu,Guatemala,"Cathedral City, Bellgrove Plaza 39",7962
19,qv4jeq5m89,Tajikistan,"Colusa, Grasskamp Crossing 9",28348
20,4mb8zfk1dr,Bahrain,"Novato, Sugar Avenue 9",40439
21,49x1xl8uvf,Honduras,"Del Rey Oaks, Helena Alley 28",16487
22,vzsvjmm03x,Maldives,"Santa Clara, Linden Drive 85",28142
23,htj104zq08,Palau,"Piedmont, Vidon Place 67",32032
24,h0i73ghtix,Turkey,"Holtville, Towne Lane 61",37478
25,0vyqifchgn,Burkina Faso,"Belmont, Mitchell Place 94",45874
26,j63ekho0zm,Hungary,"Hemet, Vahlen Crossing 51",46777
27,ldyvyckej3,Gabon,"Novato, Kropf Trail 67",40493
28,5yhuxl1lyy,Malawi,"Lemon Grove, Shoshone Circle 16",684
29,4257t01t02,Afghanistan,"Dana Point, Vahlen Crossing 26",10619
30,8oentv04io,Svalbard and Jan Mayen Islands,"Burlingame, Waywood Point 99",36475
31,6s8oyfedh4,Armenia,"Pismo Beach, Bartelt Lane 81",16074
32,uyhrk95ag8,Niger,"Stanton, Montana Way 87",21436
33,u95nokp6ol,Germany,"Los Angeles, Buell Street 75",45484
34,nq1g0il702,Wallis and Futuna Islands,"Monte Sereno, Melrose Alley 40",8196
35,a2x2vbfnf3,South Africa,"Signal Hill, New Castle Center 83",38741
36,jnhp7o2mh0,New Caledonia,"Richmond, Linden Point 3",13028
37,2xjk9ikwy4,Lesotho,"Torrance, Sheridan Lane 11",58632
38,00yb62hjw3,Honduras,"El Segundo, Manufacturers Lane 2",34517
39,fknjszbvfh,Kyrgyzstan,"Hermosa Beach, Warrior Court 17",16478
40,ektadtowno,"Korea, North","Apple Valley, Atwood Road 33",5624
41,t2g38qc65u,"Korea, South","Hanford, Forster Hill 35",57093
42,4nk12127of,Japan,"Loyalton, Anzinger Hill 74",19947
43,bp45lddn81,France,"Hermosa Beach, Hanson Court 10",42797
44,fdhzdv8oii,Gabon,"Los Alamitos, Lighthouse Bay Circle 20",50900
45,zkf2c7iygf,Guyana,"Lafayette, Eagan Drive 10",20226
46,ylbczaq5uy,France,"Rancho Mirage, Pawling Park 55",27179
47,vyiioyocvm,Dominican Republic,"Marysville, Annamark Crossing 27",20916
48,nhyyuvurxn,Liberia,"Chowchilla, Buena Vista Plaza 62",38044
49,bqpe1t33g7,Croatia,"Laguna Beach, Randy Circle 25",26127
50,jqdk23x03k,Grenada,"Lakewood, Vidon Hill 63",37958
51,1byaplnyg0,Zambia,"Mission Viejo, Merry Center 34",33113
52,hrkzczz431,South Georgia and the South Sandwich Islands,"Duarte, Fisk Plaza 13",50877
53,o4c21wmorn,Madagascar,"Needles, Harper Point 61",2015
54,k3afeftydo,Martinique,"Goleta, Harbort Way 27",34970
55,ditvjeuqpi,Kiribati,"Escalon, Arizona Lane 49",29218
56,e2oezy4iw2,Mongolia,"Orinda, Fairview Crossing 74",29062
57,wouy6pm2wh,Puerto Rico,"Saratoga, Russell Drive 84",4948
58,mv069jxg47,Hong Kong,"Rancho Cordova, Kinsman Way 71",19367
59,wsv8t0m3c4,Oman,"San Bernardino, Stang Junction 39",46089
60,quaeyxjnbu,Laos,"Livermore, Marcy Park 82",41113
61,x5k8ajrymh,Iran,"Isleton, Michigan Street 87",2750
62,noyop076l4,Zambia,"Ross, Dawn Hill 46",43243
63,nmijiixcyz,Israel,"San Bernardino, Onsgard Terrace 11",49030
64,ypj96j5e5n,Guernsey,"Montebello, Manufacturers Hill 28",55045
65,cr2ngkgj0g,Mali,"Dorris, Cardinal Hill 29",43827
66,gjad6sksr4,Malta,"Plymouth, Dovetail Pass 52",21610
67,ef4dat3n96,Hong Kong,"Lake Forest, Merchant Alley 38",4276
68,ilpivwvvt1,Benin,"Citrus Heights, Katie Alley 61",23530
69,2vmokw37zq,Bahamas,"Dos Palos, Rigney Lane 80",12612
70,jv2nhdc82t,Australia,"San Anselmo, Mockingbird Pass 94",20644
71,9gxpptroqg,Turkey,"South Gate, Farmco Hill 99",16726
72,454j4bb1zb,Bermuda,"San Francisco, Artisan Alley 88",31751
73,sibqv4caca,Micronesia,"Fillmore, Dunning Drive 63",54974
74,b338sz2t9x,Nicaragua,"Fresno, Cody Parkway 47",59623
75,9blgvk5mqx,Seychelles,"Los Banos, Park Meadow Place 17",20568
76,41tsg1qpdm,Dominican Republic,"San Bernardino, Village Pass 47",8266
77,yjj940z5uw,Jamaica,"East Palo Alto, Monterey Street 80",44413
78,bx5os465sm,Bulgaria,"Tracy, Elgar Drive 11",11668
79,stywlsc2rf,British Virgin Islands,"Etna, Ridge Oak Way 21",15127
80,7yeqrqfcxq,Tanzania,"West Covina, Twin Pines Circle 92",11346
81,ps0usax46i,American Samoa,"Coachella, Saint Paul Park 32",8334
82,akx6oeypsc,Norway,"Sutter Creek, Mcbride Parkway 12",11678
83,81rtqexqdp,Morocco,"Highland, Bunker Hill Terrace 1",48909
84,zwxud75obg,Gibraltar,"Vacaville, Summerview Park 28",59991
85,n7uknayh8i,Wallis and Futuna Islands,"Mount Shasta, Elka Plaza 14",51208
86,5qjmqle710,Vatican City State (Holy See),"Burbank, Westridge Lane 71",586
87,kzfumbmj53,Christmas Island,"Santa Clara, Old Gate Court 28",50488
88,2t7pys01yw,Saint Helena,"Baldwin Park, Kingsford Drive 48",52481
89,wt50bizhru,"Congo, Democratic Republic of","Placerville, Morningstar Street 83",2555
90,bi7evkf514,Zimbabwe,"Colma, Thackeray Hill 74",43383
91,4tbbu4tk74,Marshall Islands,"La Habra, Bashford Circle 95",49939
92,59hplepphk,Guadeloupe,"Solana Beach, Caliangt Junction 46",34502
93,23njchymeh,Argentina,"Bell Gardens, Browning Crossing 56",57399
94,nt3oxyomdc,Croatia,"American Canyon, Crest Line Point 13",57257
95,kc1i44wssj,Japan,"Tehachapi, Harbort Point 95",48994
96,sj6xm9e7gf,Palau,"Paso Robles, Badeau Drive 2",40705
97,xtcew40ym8,Malaysia,"Santa Rosa, Jay Crossing 96",13760
98,m5dpi2oyp4,Nauru,"Pleasant Hill, Sachs Point 72",3409
99,lkixf6jrw9,New Caledonia,"Montclair, Fulton Plaza 29",40263
100,mdg7jnr80b,Tajikistan,"Biggs, Prairieview Alley 14",10663
101,rn56igp9tw,Madagascar,"Fillmore, Sachs Parkway 88",32561
102,jx6rtieua1,Turkey,"Lafayette, Rusk Trail 87",29352
103,ry3qwxbkdh,Macedonia,"Rio Dell, Blaine Trail 6",28714
104,41ibcwa3d6,Turkmenistan,"Tulelake, Calypso Crossing 45",56380
105,8dc7ps50dm,Greece,"Redding, Algoma Trail 46",55208
106,9bh7mdky9a,Sweden,"Escalon, Ridgeview Road 62",27892
107,a3dy1pi425,Uruguay,"Rocklin, Welch Terrace 24",19795
108,6w7ifwjmjq,Iraq,"Tulelake, Portage Plaza 7",34368
109,f84c9jslcr,Lithuania,"Cypress, Dapin Road 91",5505
110,5ddyke9nnt,Central African Republic,"Walnut Creek, Redwing Road 26",34425
111,zoppiff7mz,Saint Martin,"Fresno, Walton Street 85",48099
112,euak7w4vvb,Tokelau,"Red Bluff, Iowa Way 64",37818
113,13qrny2bar,Guinea,"Fairfax, Thackeray Hill 60",39461
114,ixrj5dz3ba,Swaziland,"Cudahy, Pankratz Plaza 28",40504
115,cvl7fneo0p,Brunei Darussalam,"Palm Springs, Hansons Way 88",26756
116,bwfh7rh14s,Austria,"Claremont, Gina Parkway 55",25918
117,8qfs52w8te,Colombia,"Imperial Beach, Hovde Drive 40",31802
118,7c4324jdq0,Kazakhstan,"Orange Cove, Homewood Road 66",22824
119,0axp8wcai9,Ukraine,"Carpinteria, Vahlen Place 11",2030
120,fvbyu1tunn,Kyrgyzstan,"Portola Valley, Dovetail Pass 64",1292
121,zlkywzsuzq,Solomon Islands,"Irwindale, Derek Road 98",36156
122,evdf50mn6n,Qatar,"Modesto, Anthes Street 20",51402
123,d9lunb0jmj,Serbia,"South Gate, Vermont Point 52",22944
124,fjguql29a1,Bosnia and Herzegovina,"Dinuba, Pine View Plaza 35",24148
125,abwz0s6fvs,"Congo, Democratic Republic of","Sebastopol, Rockefeller Circle 13",48099
126,9s49ugbw8g,Djibouti,"Vacaville, 2nd Circle 8",30507
127,jh3umq268o,Saint Lucia,"Belvedere, Dixon Center 92",6787
128,wdsa0nrm1m,Andorra,"Hesperia, Delaware Center 14",41998
129,efcuf67167,Montserrat,"Monterey Park, Roth Place 84",45085
130,ppzicjd9l5,Iceland,"San Gabriel, Elmside Lane 91",14415
131,cv6art53ab,Peru,"Fullerton, Golf Point 12",1811
132,p6q8ca0h7r,Cote d'Ivoire,"Bell, Hoard Trail 70",33536
133,7359rtqgrb,Swaziland,"Montague, Crowley Road 43",47315
134,bkes79f2dg,Croatia,"Willits, Caliangt Court 59",19353
135,7agrds9bs7,Ghana,"Paramount, La Follette Trail 77",27196
136,53pmy2l7l4,Niger,"Monterey, Burrows Drive 48",57610
137,x3yxvjiv9z,Macedonia,"Covina, Fieldstone Junction 36",39684
138,36iasdeiv0,Madagascar,"Portola, Crescent Oaks Trail 51",33051
139,fp7l2l069a,Cyprus,"San Pablo, Blue Bill Park Crossing 37",8433
140,aq7lirb1au,USSR,"Desert Hot Springs, Delaware Lane 29",28086
141,2pgjyrw5w3,French Polynesia,"Hercules, Sutherland Hill 32",2331
142,eitf102pbw,Yugoslavia,"Stockton, Nova Pass 19",53775
143,lbqjr66e94,Guatemala,"Eureka, Ryan Drive 2",28695
144,zqegywfh7n,Trinidad and Tobago,"Alameda, Holmberg Street 24",16835
145,qg106oykik,Grenada,"Healdsburg, Bartillon Place 23",6600
146,1r4xx5ywxq,Malta,"Maricopa, Eagle Crest Junction 81",7862
147,b0reraug6n,Thailand,"Concord, Thierer Avenue 35",51587
148,tvzxfqnj25,San Marino,"Colma, Di Loreto Alley 84",42370
149,y4lyux7t6p,US Minor Outlying Islands,"Anderson, Kenwood Way 94",30011
150,h8diw1vby2,Yemen,"Pleasant Hill, Heath Plaza 62",12953
151,f828wfrgky,French Southern Territories,"Moreno Valley, Hudson Plaza 17",16587
152,75zsa22qbk,Cook Islands,"Diamond Bar, Buhler Parkway 74",8100
153,kg1b02xrnp,Burundi,"Farmersville, Fallview Lane 53",37366
154,93qvejrtub,Cote d'Ivoire,"Los Altos, Carey Way 58",42817
155,h94eifre26,Marshall Islands,"Lindsay, Springs Road 82",44094
156,xaj0fr5ww6,Afghanistan,"Piedmont, Melby Lane 19",31570
157,bx65718k0a,Papua New Guinea,"Larkspur, Havey Place 8",2930
158,jkdgahr9ym,Moldova,"Port Hueneme, Banding Hill 80",25289
159,d5nflkk7m9,British Virgin Islands,"Goleta, Hoard Place 83",52969
160,u4w1qkkisj,Comoros,"Novato, Northport Pass 15",7911
161,6qasypl8ri,Guinea,"Tehachapi, Kensington Court 43",34688
162,nchhbynyse,Singapore,"Sierra Madre, Scott Way 88",50026
163,dnguvtakub,Cambodia,"Laguna Beach, Forest Dale Road 84",39959
164,z60cksxs2o,China,"Agoura Hills, Stoughton Court 88",18117
165,qnwce7n1dd,Portugal,"Norwalk, Dunning Junction 22",43842
166,zx5sscafln,French Guiana,"Monterey Park, Beilfuss Avenue 92",10627
167,mj8zf9ts9q,Kiribati,"Walnut, Delladonna Point 40",43489
168,ykgkh0f3b1,Wallis and Futuna Islands,"Montclair, 3rd Street 80",29310
169,tk6gr6w3ri,Mexico,"Malibu, Dayton Lane 59",42662
170,z0vjr6au9a,Brunei Darussalam,"Los Angeles, Loomis Park 37",35478
171,5k28vu68ul,Nigeria,"Claremont, Pond Crossing 44",15683
172,i28iuonv18,Sao Tome and Principe,"Dublin, Buhler Pass 39",12466
173,9k7myutnuq,Belgium,"Foster City, Sugar Crossing 38",39824
174,o7puezzzv6,Comoros,"Fillmore, Gale Center 45",26099
175,k77fqj3rya,Angola,"Hesperia, Cody Terrace 42",24148
176,a2mmjq9mye,Honduras,"Hemet, Utah Hill 90",35454
177,1rgoswgzib,Comoros,"Windsor, Schiller Way 10",24968
178,l31jq0wlta,Australia,"Malibu, Farmco Pass 24",46627
179,9916fdap8u,Saint Vincent and the Grenadines,"Signal Hill, Sycamore Place 48",8311
180,jxt80npsnp,Falkland Islands (Malvinas),"Santa Rosa, Florence Circle 12",5103
181,nfvyohxc38,Bolivia,"Cupertino, Pine View Point 68",46958
182,xbakyze0fp,Papua New Guinea,"La Habra Heights, 7th Avenue 53",48212
183,5q4h6w3yq7,Mauritius,"Baldwin Park, Ridge Oak Trail 14",57256
184,3g7wu4bhom,Cambodia,"Marina, Morning Court 66",43594
185,hgpylimrh1,Gibraltar,"Lathrop, Cascade Way 78",21078
186,2j7rc4vpel,Northern Mariana Islands,"Millbrae, Judy Pass 16",57182
187,mrpw6ppnq0,Fiji,"Isleton, Lighthouse Bay Park 63",16495
188,1pt5zxcu1v,Gambia,"Calipatria, Bay Point 38",55262
189,3q0uobuy00,United Arab Emirates,"Antioch, Graedel Alley 49",52066
190,wz27frbvdq,Central African Republic,"Blythe, Eastwood Lane 67",39773
191,hv8fn1gtfx,Anguilla,"Belmont, Melody Pass 69",16506
192,m1tb472o9d,Bolivia,"Lemoore, Barby Parkway 76",13760
193,olmvr1u1z4,Papua New Guinea,"Lake Elsinore, Kim Pass 90",22834
194,way26njjch,Djibouti,"Napa, Gale Terrace 65",27055
195,ixffb4q32w,Vanuatu,"Dixon, Cordelia Alley 53",19313
196,4dg2dwcz2w,Saudia Arabia,"Mission Viejo, Havey Drive 30",36654
197,xd24yr11sy,Yugoslavia,"Desert Hot Springs, Dovetail Street 88",42101
198,p9nb8fpw24,Canada,"Los Altos Hills, Crownhardt Plaza 18",3055
199,ve9yfaxcph,Oman,"Angels Camp, Sheridan Avenue 67",11810
200,2de56z112s,Guinea-Bissau,"Irvine, Susan Avenue 34",15846
201,mqhtwbuwzn,Iceland,"Lynwood, Monterey Plaza 88",12054
202,kny0xo1f6i,Falkland Islands (Malvinas),"Los Banos, Dawn Drive 35",59242
203,zp1bo5wz98,Cyprus,"Grass Valley, Lerdahl Lane 61",19248
204,py9ny6vg0x,Syria,"Galt, Ludington Street 61",58339
205,yguekzgsr6,Samoa,"Orland, Dunning Lane 22",40831
206,9p171tkc5o,Micronesia,"Redlands, Atwood Plaza 43",17142
207,08lk4i0skx,Guernsey,"Fort Jones, Claremont Circle 88",2300
208,a356c32wtw,Saint Kitts and Nevis,"Carmel-by-the-Sea, Cody Terrace 94",30060
209,duffw163f7,Moldova,"Coronado, Mandrake Place 54",32261
210,82tm9l2lfy,USSR,"Alameda, Anniversary Alley 16",34411
211,it3nnphjf3,Gabon,"Richmond, Schmedeman Avenue 12",14990
212,oyik4guczm,Morocco,"Vacaville, Tennessee Trail 37",59714
213,m1iwsmuhf1,Vietnam,"Grover Beach, Sauthoff Alley 56",50262
214,vqpr0x3p6m,Bahamas,"Imperial, Mendota Parkway 82",59058
215,avo6eukex4,Bolivia,"Hawaiian Gardens, Northport Pass 24",32930
216,n3365i2gc6,Azerbaijan,"Stockton, Ramsey Way 65",7967
217,vu9j9mfzlo,Paraguay,"Monte Sereno, Fallview Alley 93",41749
218,5l57mrt8bc,Grenada,"Thousand Oaks, Luster Crossing 35",35219
219,flcdnkratg,Iraq,"Oceanside, Hagan Avenue 23",53068
220,9zgqh9ciu9,Madagascar,"Arcata, Morrow Avenue 10",57616
221,cj66q7urdu,Djibouti,"Lincoln, Buena Vista Trail 11",52226
222,fbif8mma4d,Austria,"San Jose, Banding Parkway 84",4529
223,f4tsfer7ki,US Minor Outlying Islands,"Folsom, Kings Street 56",40149
224,cxq4v5x5ka,Portugal,"Livermore, Eagle Crest Alley 20",53008
225,a5p1m7gi2l,Martinique,"Irwindale, Center Alley 71",10735
226,3w6l2z2dp5,Belize,"Emeryville, Almo Alley 40",39163
227,jz384aptr6,India,"Signal Hill, Utah Point 74",39172
228,ba7okoq00x,Dominican Republic,"St. Helena, Utah Terrace 36",1698
229,134bsr0gz5,Australia,"Selma, Sunnyside Alley 74",21095
230,66jttlgtku,Belarus,"Montclair, Summer Ridge Park 77",12913
231,3obmz15sz5,Jersey,"Avenal, Mccormick Hill 91",22003
232,ze300o4n1g,Antigua and Barbuda,"Newport Beach, Veith Drive 10",52596
233,3tpl1mbajm,Latvia,"Taft, Farmco Crossing 46",8704
234,i22smrb8m4,Poland,"San Carlos, Springs Court 48",54053
235,8ewu4ejsdy,San Marino,"Sebastopol, Grayhawk Place 21",43106
236,os3ayj7j54,Heard and McDonald Islands,"Temple City, Bartelt Alley 65",179
237,k94165crpz,Hungary,"Placerville, Randy Center 19",53881
238,wwviwhy39v,Northern Mariana Islands,"San Rafael, Cody Place 30",25876
239,j2a5g9or3w,Saint Kitts and Nevis,"La Puente, Springview Parkway 89",58666
240,8kuh7m0ngq,Guinea-Bissau,"Bell Gardens, Dorton Point 65",22863
241,d4fl0yadjl,Georgia,"Ontario, Debs Plaza 78",52329
242,qaztentn6q,Laos,"Azusa, Moland Street 87",41062
243,cohgaoxjag,Guadeloupe,"Dos Palos, Victoria Junction 63",9954
244,8qcu7ftl7q,Isle of Man,"Manteca, Cascade Alley 55",18037
245,h311xrm13i,Djibouti,"Sierra Madre, Schurz Center 78",33813
246,pczm5ke02c,San Marino,"Sanger, Prairie Rose Trail 58",22562
247,8crmk6e174,Cook Islands,"Lathrop, Granby Trail 65",23391
248,d31rd7sbh3,"Korea, South","Chico, Jenna Hill 78",19663
249,o88gfnx9w2,Mauritius,"Nevada City, Golden Leaf Trail 90",42302
250,1r3ks140na,Brunei Darussalam,"Portola, Mcguire Drive 39",5752
251,174k56fgzr,Mongolia,"Fremont, Holy Cross Road 24",52318
252,03cmiy9v5j,Solomon Islands,"Redwood City, Charing Cross Point 41",24488
253,dj58v93auu,Aruba,"Millbrae, Comanche Court 53",35604
254,uu5zafsfoy,Guernsey,"Mendota, 5th Trail 63",29776
255,wb6uv27ax2,Belarus,"Santa Clara, Mendota Park 0",31273
256,qe0nngoquv,Reunion,"Willows, Ilene Crossing 35",41878
257,ba4oso3kut,New Caledonia,"Brea, Center Junction 58",3065
258,xz0ml26bdl,Montserrat,"San Leandro, Old Shore Street 82",50331
259,3m6frflx7l,Colombia,"Downey, Raven Alley 70",28868
260,rltw835s3u,Åland,"Goleta, Almo Pass 32",124
261,k88yf5s4a3,Palau,"Blue Lake, New Castle Junction 98",37545
262,0xymd12chs,Kazakhstan,"Riverbank, Golden Leaf Alley 32",55765
263,fk4rzr9mbk,Gambia,"Daly City, Lakeland Lane 21",56752
264,6440rcq9w3,Saint Lucia,"Yucca Valley, Jackson Circle 80",49059
265,l6hbrtra8l,Bulgaria,"San Anselmo, Milwaukee Point 89",20741
266,tmnibwd3xe,Seychelles,"Maricopa, American Alley 39",16587
267,3b91ii7acw,Rwanda,"Cypress, Magdeline Circle 93",32497
268,6bqowsqpga,Marshall Islands,"Corning, Dorton Pass 66",13111
269,1hwheexyqf,Chad,"Coalinga, Lighthouse Bay Terrace 99",40253
270,469v2pmbxz,Bulgaria,"Wasco, David Hill 36",5091
271,oq6crbghri,Pakistan,"Waterford, Arizona Parkway 45",38511
272,qouyscgzkz,Ireland,"Santa Clara, Oakridge Court 82",32806
273,2cfv7cerv1,Paraguay,"Marina, 7th Circle 18",34661
274,b5rtd5dyu9,Philippines,"Lemon Grove, Melby Alley 94",25030
275,z8rxxn010u,Madagascar,"Thousand Oaks, Scott Drive 76",43832
276,eob8nw8lz2,Slovakia,"Redlands, High Crossing Trail 56",40816
277,qswfwn0zum,Pakistan,"East Palo Alto, Harper Avenue 30",50743
278,3lf5r5jzkm,"Congo, Democratic Republic of","Lakewood, Barnett Way 80",799
279,o58oae4bnu,Dominican Republic,"Capitola, Gulseth Terrace 65",51979
280,v5ko5j5l2x,Northern Mariana Islands,"Adelanto, Main Circle 94",55944
281,xdrlufmqgd,Turks and Caicos Islands,"Shasta Lake, Veith Place 40",50126
282,j4rvwr44rb,Saudia Arabia,"Stanton, Mallory Junction 87",6290
283,ykubf337sv,"Congo, Democratic Republic of","Costa Mesa, Debs Way 45",404
284,lso4r2ogtr,Afghanistan,"Woodside, Novick Road 58",20101
285,f3n10gjn0c,Samoa,"Lafayette, South Street 32",31372
286,6sy0fxwk80,Kazakhstan,"Shafter, American Crossing 81",18807
287,l2tv855p4d,Pitcairn Island,"Napa, Dixon Street 85",52040
288,5xgo41h9i9,Bhutan,"Hughson, Monterey Parkway 18",30224
289,9kzpvxz6gx,Saint Helena,"Scotts Valley, Corry Crossing 1",53465
290,t45nznypgs,Gabon,"Buellton, Oxford Crossing 6",28317
291,563cs7mdzg,Faroe Islands,"San Bruno, Huxley Terrace 67",55934
292,fberiv8u6n,Uganda,"Rialto, Anzinger Center 20",26410
293,cqpw00wcdk,Equatorial Guinea,"Paso Robles, Schiller Road 65",21078
294,pxlq2akk1c,British Virgin Islands,"Vallejo, Katie Circle 45",44839
295,nd0e0lf3ys,Estonia,"Loomis, Veith Crossing 82",35505
296,9vyzx6gnmt,Jordan,"San Marino, Florence Street 52",9488
297,drqitgmidd,Belarus,"Colusa, Del Mar Trail 95",2508
298,qxg6e6xwq8,Gibraltar,"Agoura Hills, 8th Circle 63",2845
299,gi8wqfl4dr,Romania,"Mount Shasta, East Park 10",37816
300,qmxxi76a59,"Congo, Republic of","Alturas, Leroy Junction 27",26183
301,nvatmrfq60,Tajikistan,"Roseville, Fallview Pass 53",57184
302,1p94khgmx2,Azerbaijan,"Santa Paula, Susan Park 73",40133
303,4d9wjcducs,Serbia,"Point Arena, Stuart Center 61",54651
304,3frahsztt3,Mauritania,"Cypress, Colorado Avenue 67",51336
305,64ppd2hzbc,United Kingdom,"Santa Fe Springs, Division Circle 47",40676
306,wpf1obt6mv,Botswana,"Arroyo Grande, Memorial Parkway 22",28700
307,bgbq82cuvm,Haiti,"Jackson, Warbler Point 82",16951
308,h57v8lp93r,Japan,"Vacaville, Oxford Drive 36",58645
309,ubdvso3524,Estonia,"San Mateo, Jay Court 86",47241
310,lwf8z6qn11,USSR,"Yorba Linda, Hoepker Parkway 38",57524
311,eayzs675c1,Saudia Arabia,"Santa Fe Springs, Meadow Vale Alley 9",31235
312,n4cjpjqziy,Fiji,"Arcata, Heath Lane 77",54799
313,cqymt4e7nj,Cape Verde,"Yucca Valley, Hoepker Street 52",39757
314,4eq4487bbd,Martinique,"Shafter, 8th Place 29",7010
315,3dj204bx8j,Haiti,"Danville, Merchant Terrace 18",12127
316,k2uq7zkcxe,Gibraltar,"Goleta, Oriole Road 40",31701
317,05hx2t90az,Ethiopia,"Chula Vista, Roth Park 61",28303
318,mealixj8tx,Lebanon,"Chico, Goodland Avenue 49",34450
319,bi0uadd3qo,Albania,"National City, Dwight Trail 31",12572
320,m1zwdunuvj,New Zealand,"Antioch, Sycamore Park 4",53662
321,s3ww4rqiut,Macau,"Imperial, Crescent Oaks Center 57",40093
322,40e7hs80xk,Liechtenstein,"Del Rey Oaks, Bashford Street 86",27964
323,iaxl8x4jog,Costa Rica,"Santa Maria, Lunder Park 78",59824
324,y0mxtudal4,Solomon Islands,"Santa Clara, Arapahoe Court 89",50029
325,qh66rk1jts,Saudia Arabia,"Mendota, Forest Run Park 97",20992
326,w15830nrl3,Samoa,"Livingston, South Avenue 2",20755
327,ybs0bpjxbk,Uzbekistan,"Piedmont, Rockefeller Junction 35",19701
328,1qo4cwme4v,Seychelles,"Garden Grove, 4th Center 89",26049
329,4xnbw1nvmh,Saint Lucia,"McFarland, Welch Way 30",12679
330,7g768robkg,Luxembourg,"Dinuba, Vahlen Avenue 63",38901
331,3zhxa7ar2o,Turkmenistan,"Pismo Beach, Ronald Regan Street 74",46098
332,rftbiav20k,Maldives,"Perris, Roth Terrace 41",8642
333,9q60ht89un,Liechtenstein,"Whittier, Vahlen Way 63",51920
334,4pvlao620q,Moldova,"Carson, Gulseth Road 98",15206
335,93ma8v6mrf,Western Sahara,"Truckee, Cordelia Point 81",4732
336,khu4qdzuh2,Japan,"Apple Valley, Fallview Way 94",34979
337,a13f2oorc2,Montserrat,"Carpinteria, Burrows Place 47",36713
338,7f74a1s1h5,Mexico,"Victorville, Bay Junction 0",46138
339,mlj64mo574,Jordan,"Pismo Beach, Tony Avenue 0",46014
340,fil88ua8rh,Martinique,"Del Mar, Shasta Place 76",37536
341,uymbzwff98,"Korea, South","Chowchilla, Marquette Street 5",35093
342,oniu5h30c1,Morocco,"El Centro, Fisk Terrace 4",15955
343,rrgp0b6pu3,French Southern Territories,"Tiburon, Texas Alley 78",40509
344,p336iv1vy8,Niger,"Danville, Carberry Hill 37",18146
345,1j6nxuhnro,Peru,"Burbank, Algoma Parkway 74",14424
346,o2j1nb1xci,Poland,"Compton, Lyons Trail 84",59584
347,2ri61h3x52,Uruguay,"Palos Verdes Estates, Comanche Alley 5",49949
348,v9d79qk1jw,Haiti,"Truckee, Lotheville Road 48",20212
349,3wkbnglea4,Turks and Caicos Islands,"Ventura, Hooker Point 36",21831
350,oczladihxr,British Virgin Islands,"Rancho Cordova, 8th Trail 32",54891
351,0shefulks9,Fiji,"Red Bluff, Golf Course Court 52",29631
352,o5dh86d7pe,Malaysia,"Agoura Hills, Welch Place 55",14339
353,buqkf81xjc,Somalia,"Madera, Dunning Road 25",9937
354,6vh1lc6sbx,Slovenia,"Shafter, Golf View Parkway 62",14435
355,lvifn9rs79,Australia,"Turlock, Shoshone Pass 55",39401
356,uncsud079o,Finland,"Bishop, Dwight Avenue 98",4560
357,u6j1bco72v,Peru,"Clovis, Division Lane 21",38598
358,6j15vdhh5i,Guatemala,"Dana Point, Schlimgen Street 28",57559
359,bqasc1540n,Antigua and Barbuda,"Brentwood, Bartelt Park 3",2918
360,6v447eiugi,Libya,"Menlo Park, Sullivan Road 74",33516
361,fdviatkw21,Cape Verde,"Los Angeles, Esker Hill 26",18297
362,eu7pn0v9hi,Oman,"Anaheim, Gerald Crossing 14",41806
363,dkfhcul0fx,Lebanon,"Rancho Cucamonga, Everett Center 11",48973
364,7yprdfze6j,Nepal,"Walnut Creek, Stephen Drive 28",14827
365,cuzf3iu2cb,Venezuela,"Solvang, Bayside Trail 75",53236
366,nyqnezlgzu,Niue,"Ripon, Schlimgen Crossing 86",33096
367,dhdmt3zb5j,Saudia Arabia,"Taft, Blue Bill Park Parkway 62",52871
368,te5vcavb69,United States Virgin Islands,"City of Industry, Mcbride Parkway 70",52345
369,3wseu9n51z,Seychelles,"Placentia, Chinook Way 16",34088
370,ouvz1h17o5,Czech Republic,"Hercules, Birchwood Street 12",33134
371,sil4kjs76i,Niue,"La Habra, Esker Terrace 34",2034
372,kmmiu0iyoi,Kenya,"Chico, Melby Hill 78",15614
373,ennbtqqit8,Vatican City State (Holy See),"Del Rey Oaks, Onsgard Terrace 61",31072
374,zfhgk1cwzp,Libya,"La Mirada, Little Fleur Trail 57",19526
375,505tkquzq8,Grenada,"Dana Point, Thompson Road 90",11651
376,b9lrzutdzq,Turkmenistan,"Westmorland, Fair Oaks Plaza 8",48037
377,bw8fh1qgo2,Gambia,"Orinda, Bonner Center 25",37094
378,c6bu3briju,Tanzania,"Colma, Springs Street 60",31178
379,l6vws9ma7h,Vietnam,"Santa Cruz, Beilfuss Pass 0",13927
380,r25q4l0387,Moldova,"Santa Monica, Eggendart Hill 67",7
381,3uevt9ajob,Vanuatu,"Montebello, Spenser Court 8",9749
382,7mr7gbkyhr,Vietnam,"Santee, Dapin Plaza 28",49422
383,ajre8mdibw,Ghana,"Calexico, Vernon Trail 23",27055
384,8296o0q2jy,Barbados,"Dublin, Sunbrook Drive 20",23443
385,21qx36x6jx,Bouvet Island,"Lindsay, Dunning Hill 33",17063
386,pmasblhd74,Sri Lanka,"Foster City, Towne Crossing 75",2580
387,ozc96dl21a,Somalia,"Corona, Farwell Junction 85",43865
388,qia1897g47,Ecuador,"Chino Hills, Muir Plaza 51",17205
389,787s3lb0x5,Tunisia,"San Anselmo, Buhler Trail 33",59309
390,7ya2nw3m3k,Cameroon,"Sonoma, Di Loreto Road 24",54815
391,zfq3es4mec,Monaco,"Montague, Barnett Hill 91",11344
392,2srwcx8c2n,Pitcairn Island,"Scotts Valley, Graceland Trail 95",51564
393,njferxsqds,Chile,"Visalia, Pleasure Way 86",7971
394,5ee8joz5up,Guyana,"Willows, Becker Park 81",15579
395,b1dswxo0k0,Suriname,"Atascadero, Trailsway Circle 66",10543
396,kc2hgzwyit,Guinea,"Yountville, Hanson Junction 93",42001
397,e8kni0g7ws,Uzbekistan,"Fairfax, Fallview Way 96",43860
398,weprghux8r,Guinea-Bissau,"Jackson, Surrey Center 49",33044
399,tsa8q7dcpx,Afghanistan,"Shasta Lake, Westport Circle 61",20714
400,57e5l9lk7q,Cameroon,"Ojai, Laurel Terrace 78",52981
401,lu9b6frc5g,Kuwait,"Moreno Valley, Menomonie Trail 66",484
402,ghjtisrug0,Guyana,"King City, Katie Alley 58",46014
403,avs3hbdzur,Israel,"Inglewood, Granby Pass 20",36202
404,o5thfxzb2b,Cuba,"Blue Lake, Loomis Circle 45",51519
405,w9atbdaipb,Philippines,"Burbank, Daystar Lane 64",43109
406,03uas5m7z9,Lesotho,"Signal Hill, Eastwood Terrace 51",13194
407,opivhh8bc9,Andorra,"Rancho Cucamonga, Union Alley 19",21126
408,i1kxampzxc,Portugal,"Yucca Valley, Tomscot Way 63",38034
409,6tnimuv5k7,Benin,"San Mateo, Forest Run Avenue 30",33320
410,h08f4fl7e6,Belize,"San Rafael, Rusk Lane 48",5752
411,wywy4gwyjw,Sierra Leone,"Santa Fe Springs, Melby Pass 30",53254
412,yino0eztfb,Kuwait,"Paradise, Golf Terrace 62",43798
413,pvctxg5cw9,"Congo, Republic of","Vacaville, Laurel Drive 12",7798
414,d5pa71k6n8,"Korea, South","Eureka, Dwight Point 2",6104
415,xbjciwnoqp,Lesotho,"Studio City, David Circle 30",58200
416,obtj9ogndt,Malawi,"Encinitas, Fisk Avenue 56",23647
417,9rax4eaz8v,Trinidad and Tobago,"Coronado, Autumn Leaf Point 1",23699
418,4wa4nxpppx,Guam,"Paramount, Bunting Terrace 60",18985
419,0kji9zi5cj,Greece,"Huron, Mcbride Way 39",24691
420,i7tzkszkwr,Latvia,"Avalon, Brickson Park Hill 89",45505
421,16ar9ymge4,Romania,"Monterey, Spohn Hill 46",1679
422,fc54086066,Ascension Island,"Westminster, Manufacturers Center 43",48560
423,hh6n6w2wbp,Turks and Caicos Islands,"San Juan Bautista, Clemons Place 47",34619
424,ioo06o0563,Kyrgyzstan,"Sebastopol, Crescent Oaks Junction 95",40175
425,z0gx0muxzw,Romania,"Monterey, Blackbird Terrace 41",53333
426,86l2hkhpi6,Chad,"Delano, Dahle Drive 9",18901
427,cez2ql692c,Estonia,"Berkeley, Menomonie Lane 47",15343
428,kxr9ly86p9,Uruguay,"Pittsburg, Sachtjen Circle 15",12423
429,huss6vqjve,Ireland,"McFarland, Arrowood Parkway 85",47076
430,9niegwiy59,Cyprus,"San Bruno, Anniversary Junction 4",34207
431,iiamy6yn5f,Niue,"Rialto, Rieder Park 7",38138
432,ti996n7o48,Austria,"Redlands, 1st Pass 84",16647
433,68uv64e6d2,Somalia,"Rohnert Park, Cardinal Court 36",58908
434,m2eg2r2ziv,Haiti,"Moreno Valley, Aberg Point 52",31861
435,cfaiu9uc85,Slovakia,"Guadalupe, 6th Lane 55",41755
436,yvhqqtmxn6,Greece,"South San Francisco, Bartelt Hill 50",30477
437,yz6qxoafon,Lithuania,"El Cajon, Lindbergh Crossing 10",481
438,q5h171pjwu,USSR,"Berkeley, Parkside Lane 84",47249
439,xfd29hah6n,Belarus,"Loyalton, Kim Street 63",58003
440,h6hvmnw83d,Kyrgyzstan,"Yucca Valley, Dunning Place 52",29058
441,e1yb2pul2d,Lebanon,"Covina, Mandrake Junction 19",37748
442,yi81154nym,Fiji,"Aliso Viejo, Clemons Circle 67",50759
443,yp626isdry,Brunei Darussalam,"Newman, Amoth Place 61",36518
444,fcfhd3zboc,Kuwait,"Hesperia, Green Center 45",35834
445,ttyehzfa5m,Dominica,"Patterson, Longview Lane 62",9967
446,28htk2ku2r,Sierra Leone,"Alhambra, Quincy Plaza 23",38138
447,9nvvz278v1,Grenada,"Norwalk, Oakridge Hill 58",35091
448,chol8942zb,Bermuda,"King City, Oneill Trail 56",20989
449,7fn4f9cgbc,Taiwan,"Monterey Park, Portage Place 1",36920
450,bkm00coz8b,Martinique,"Irvine, Hoepker Hill 92",55371
451,0oli3eu4yv,Venezuela,"Upland, Summer Ridge Terrace 66",59289
452,h8f7q4l8al,Yugoslavia,"Petaluma, Browning Point 80",40149
453,e8eqskoita,Ascension Island,"Delano, Scoville Park 19",5323
454,9h8mkkiezj,Afghanistan,"Rio Dell, Kingsford Alley 19",53391
455,879c5nrnlf,Hungary,"Beverly Hills, Arizona Place 5",7294
456,jxp75pdq4z,Sierra Leone,"San Bruno, Jackson Crossing 5",41639
457,w7vgkbzyi8,US Minor Outlying Islands,"Duarte, Dawn Road 66",50707
458,ve69tsfgie,Tokelau,"Wheatland, Susan Avenue 94",42472
459,9fgoqdc8yl,Kenya,"Maywood, Rusk Pass 17",9534
460,lujx0io59m,Cyprus,"Winters, Harper Parkway 23",30323
461,6bqrj56hrn,Romania,"Amador City, Menomonie Pass 10",41771
462,rnju98vc4e,Bahamas,"El Monte, Clove Road 83",11662
463,sov7l5pqhw,Faroe Islands,"San Carlos, Waywood Park 79",43980
464,11f3lmyg4e,Ethiopia,"Mill Valley, Thackeray Way 28",37665
465,r1pkd4pw4d,Netherlands,"Santee, Karstens Hill 67",19959
466,u4ve8e5rgv,French Guiana,"Colma, Golf Course Pass 32",54323
467,yu2zlhmqjt,Seychelles,"Escondido, Hallows Road 59",10146
468,qo98lb264u,Macedonia,"Lawndale, Summit Point 97",16648
469,ex1k3eyhuu,Trinidad and Tobago,"Covina, Glacier Hill Drive 28",20990
470,id7bkqzih2,Guatemala,"Crescent City, Novick Trail 45",38136
471,79jlg4gm6g,Martinique,"Coronado, Leroy Circle 77",45540
472,bcthaxszp0,France,"Biggs, Sugar Pass 44",13827
473,4kmqnq7b1s,Botswana,"Mount Shasta, Rutledge Trail 4",32573
474,a43cgcesv8,"Congo, Republic of","San Jose, Moulton Plaza 27",55418
475,t7a93adtal,Tonga,"Sausalito, Pawling Place 12",59885
476,vh6tf53e9j,Micronesia,"Millbrae, Milwaukee Hill 72",2910
477,m53zkh6lyc,Togo,"San Joaquin, Warner Court 1",16835
478,9txjl5kz1y,San Marino,"Santa Ana, Bashford Terrace 7",59839
479,wwpbqtzow2,Madagascar,"Daly City, Thackeray Avenue 4",1266
480,hqgmjgiu2i,Samoa,"Laguna Woods, Grover Road 75",55669
481,ldtsskpfkv,Monaco,"Fowler, Sutteridge Trail 76",19769
482,kdotdj63ev,New Caledonia,"Vista, Paget Street 70",21004
483,ij9i4ev1je,Central African Republic,"Etna, Rockefeller Road 3",15268
484,sltd8b1e7t,India,"Gardena, Sutherland Center 58",19911
485,dbqygjq3yh,Palau,"Beverly Hills, Monterey Crossing 96",58787
486,x8pz0e7nyp,New Caledonia,"Milpitas, Thackeray Alley 74",58401
487,tvota2dgk9,Malawi,"Rancho Palos Verdes, Dottie Court 52",24219
488,pkz9nb9v37,Greenland,"San Francisco, Prairieview Parkway 49",46790
489,o3lmmasxln,Sri Lanka,"Santa Fe Springs, Acker Trail 6",41147
490,5qxiky582a,Namibia,"Banning, Roth Court 29",683
491,ne0m3vlxsh,Saint Pierre and Miquelon,"Scotts Valley, Lunder Pass 17",10466
492,isk0zcfijn,Venezuela,"Avenal, Forest Court 31",45798
493,va027wzukd,Slovenia,"Monterey Park, Forest Circle 55",59212
494,e2ieuod0qf,Romania,"Saratoga, Kinsman Trail 2",30462
495,uv0n0aasyu,Hong Kong,"Moreno Valley, Morning Parkway 36",52389
496,i8vo9cgos2,Botswana,"Walnut Creek, 5th Junction 22",33446
497,64kw6lv66s,Bahrain,"Marysville, Luster Lane 3",14698
498,av1k06f473,Ireland,"Guadalupe, Loftsgordon Park 76",49956
499,2haepqq3xq,Syria,"Winters, Steensland Avenue 87",25859
500,y8k9wpx5lu,Singapore,"Laguna Beach, Mosinee Crossing 28",37026
501,ztj5onsph5,Uzbekistan,"Morro Bay, Meadow Valley Trail 5",6168
502,hj51r4p18m,Kyrgyzstan,"California City, Maple Wood Circle 27",38531
503,vdzsafhi73,Lithuania,"Sonora, Dahle Circle 95",43474
504,4e0md60j2e,Ukraine,"Thousand Oaks, Dapin Circle 68",19760
505,fyqbwgrjeo,Burkina Faso,"Corona, Rusk Parkway 54",45091
506,7ohc4u62hi,Taiwan,"Clayton, 7th Drive 8",26765
507,vc07no5p8u,Guernsey,"Foster City, Dixon Terrace 4",13965
508,z1vqisk9qs,Falkland Islands (Malvinas),"Fontana, Hudson Trail 49",24636
509,d7j6um4so2,Australia,"Belmont, Rutledge Circle 59",21512
510,4fi16qmek2,Syria,"Burlingame, Pepper Wood Street 67",43974
511,m7ivvr54zl,Zambia,"Ross, Vidon Court 78",52238
512,todmq4sbrw,Ukraine,"Goleta, Pennsylvania Plaza 23",58812
513,6io5pdbg0a,"Palestinian Territory, Occupied","Davis, Fieldstone Plaza 90",25754
514,l3nqsfquvp,Micronesia,"Vernon, Claremont Lane 66",55754
515,mjkc7wyk76,Cote d'Ivoire,"Arcadia, Westridge Way 0",27308
516,556lqzfirh,Mauritius,"Fowler, Harper Trail 33",6648
517,ddqg8ljjyr,Barbados,"Big Bear Lake, 5th Lane 29",40220
518,356sbx80dn,Mayotte,"Burlingame, Fair Oaks Alley 33",2099
519,hhh3r6qfm5,Syria,"Claremont, Shasta Junction 57",45170
520,kqwjhmomjz,Taiwan,"Shafter, Shasta Circle 14",59376
521,kk2aryda4z,Mali,"El Segundo, Fairfield Point 87",21582
522,7yiot4k5iy,Guadeloupe,"Oxnard, Orin Trail 77",50034
523,wnsomk4bph,Mexico,"Covina, Donald Alley 81",21784
524,dqi6b0ial0,Heard and McDonald Islands,"Seal Beach, Fairview Street 57",29417
525,kdkwjmyv8h,Malta,"Half Moon Bay, Farwell Hill 33",50128
526,w37xot8y6b,Niger,"Fremont, Namekagon Park 22",20889
527,yvrah4de8w,Pitcairn Island,"Fairfax, Memorial Plaza 39",19844
528,kpg8k65ykc,Northern Mariana Islands,"Crescent City, Anzinger Drive 96",2866
529,ujg6ohsqjc,France,"Monrovia, Sundown Court 41",18311
530,6w8enbmlay,Northern Mariana Islands,"Lompoc, Lukken Terrace 93",32282
531,ccbldh0hex,Philippines,"Fairfield, Westridge Place 92",43308
532,2uo56b3fqa,French Southern Territories,"Menlo Park, Bayside Avenue 75",8343
533,8bix2qykj5,Falkland Islands (Malvinas),"Colusa, Waxwing Court 16",13469
534,ue8pye0ick,Belize,"Ontario, Johnson Parkway 48",34392
535,ddsikwaki6,Netherlands,"Chowchilla, Kenwood Street 60",231
536,go870w1o9f,Bolivia,"Goleta, Carberry Avenue 55",18981
537,blarzygcin,Burundi,"Chowchilla, Golden Leaf Parkway 60",14973
538,7azpqeuoai,Falkland Islands (Malvinas),"Oakley, Glacier Hill Parkway 95",37271
539,2xtxirz8hu,Brazil,"Rolling Hills Estates, Schiller Circle 3",53370
540,k8v9jhb3n0,Ecuador,"Nevada City, Maywood Alley 71",46032
541,bipisiof3c,Mali,"Lake Elsinore, Lien Trail 69",56190
542,or6389b6ff,Morocco,"Montague, Lake View Park 83",32377
543,1skt353tcu,Haiti,"Newman, Starling Junction 19",5477
544,36ymbuw1m0,Pitcairn Island,"Baldwin Park, Sugar Place 90",30921
545,drn93wm4iv,Solomon Islands,"Encinitas, Scofield Hill 76",6628
546,uggpoyg8px,Uzbekistan,"Anderson, Northwestern Trail 56",45091
547,gg997i9hdb,Suriname,"Vista, Fallview Road 7",40922
548,jkj7h52bpp,Nigeria,"Gilroy, Melvin Hill 73",19228
549,7qwq31l869,Palau,"Orland, Troy Terrace 37",45912
550,1coer0rv7p,Niger,"Highland, Valley Edge Plaza 16",52920
551,78ao90l6jo,Montenegro,"Cudahy, Hovde Trail 7",58041
552,fr9qogxcg2,Turkmenistan,"Daly City, Coleman Court 21",57863
553,3765apnf0d,Cameroon,"Canyon Lake, Daystar Place 80",31831
554,m8dqx57yzx,French Polynesia,"Santa Monica, Erie Place 94",15683
555,onxx0goy5h,Montserrat,"Livermore, Elmside Lane 26",35083
556,tfwb0wh3lj,Pakistan,"Murrieta, Graceland Crossing 29",15930
557,cr2c6znoen,Cote d'Ivoire,"Vallejo, Pearson Hill 3",17713
558,rxrxv7axk1,Sao Tome and Principe,"Capitola, Independence Junction 97",25833
559,cgs4sbq6wl,American Samoa,"Fort Bragg, Kim Drive 58",22405
560,lp734ugsx5,Costa Rica,"Indio, Shelley Road 79",22278
561,6mlac5vc8z,Azerbaijan,"Norwalk, Kinsman Place 7",58721
562,jl45fcwda2,British Virgin Islands,"Hollister, Bobwhite Alley 25",18799
563,9kiphtzvgo,Ghana,"Indio, Warner Junction 99",16367
564,jdkntm66ia,Serbia,"South Lake Tahoe, Marcy Center 70",43489
565,d11rh0q0en,Burundi,"Rosemead, Warner Park 99",19479
566,7d56mzpwbk,Guyana,"Ontario, Nancy Street 24",20850
567,w7o2mqggxa,Haiti,"Seal Beach, Scott Lane 41",7212
568,r6toplr1uh,Albania,"Calabasas, Mccormick Junction 96",52152
569,xhidefoh0r,Burundi,"American Canyon, Northwestern Street 71",49048
570,iij3mja3fe,Serbia,"City of Industry, Independence Place 52",41487
571,dublmlvgai,Slovakia,"Sierra Madre, Clarendon Place 26",54447
572,w3jl26p6o1,Philippines,"Twentynine Palms, Heffernan Circle 61",1206
573,fro6d07qfj,Venezuela,"La Palma, Muir Crossing 91",15927
574,ga58fet3a3,Iraq,"Monterey Park, Karstens Park 86",42
575,v8vhmipjbw,Ecuador,"Agoura Hills, Maryland Terrace 6",37364
576,s1vo9s57vd,United Arab Emirates,"Lake Forest, Oriole Court 37",32552
577,dlsvlu8ndy,Maldives,"Placentia, Melrose Plaza 81",53617
578,frlaiefp2c,Antigua and Barbuda,"Winters, Mayer Plaza 54",13546
579,rzamtuiqfa,Niger,"El Centro, Nelson Place 35",24966
580,7mex5yqlgp,Bolivia,"Union City, Havey Junction 95",17655
581,zadty2lp6i,Western Sahara,"Menifee, Meadow Vale Court 82",43763
582,62t2c4s274,Zimbabwe,"Saratoga, Colorado Terrace 20",22941
583,s1tytf9yiy,Thailand,"Maricopa, Hoepker Crossing 99",32377
584,a223794ck0,Slovenia,"Corte Madera, Farwell Plaza 40",40161
585,cqlrwp8b31,Lithuania,"Millbrae, Shelley Avenue 86",25589
586,s7v6p6xkxr,Luxembourg,"San Leandro, Susan Point 23",22318
587,f5ecuyin2i,Yugoslavia,"El Cajon, Clove Terrace 60",38464
588,q8z9b469vb,American Samoa,"Gardena, Veith Plaza 67",59385
589,uxhisuje0e,Libya,"Calistoga, Fuller Terrace 39",46495
590,bf83tgjdzi,Belarus,"Tehachapi, Anniversary Place 37",37610
591,1dmm4szj6y,Cocos (Keeling) Island,"Santa Barbara, Katie Center 20",11010
592,3yoiszmf6y,Tonga,"Moorpark, Linden Alley 24",40162
593,kf52v3ghef,Nauru,"Gilroy, Butterfield Avenue 59",3520
594,0fmjisnkx9,Martinique,"Petaluma, Carioca Lane 96",15557
595,e8uyzc8j28,Colombia,"Newman, Debra Terrace 90",18026
596,o9mcjuh9x0,Libya,"Oxnard, Forster Place 28",7450
597,w5gce1vdxt,Saint Barthelemy,"Taft, Maple Wood Park 4",12096
598,wc47u5l815,Dominica,"Glendora, Dakota Place 10",20957
599,uh3weem78v,Turkmenistan,"Lathrop, Paget Crossing 37",22864
600,dmwz1gja6f,Norway,"Pacifica, Graceland Park 95",12094
601,lyypmxvqqp,Saint Martin,"Temecula, Shoshone Drive 52",10770
602,snklj91xsw,USSR,"Amador City, Sage Lane 41",52223
603,5zp3x5d1xg,Brazil,"Lemoore, Linden Junction 12",3255
604,ya2rha1jye,Malawi,"Tulare, Shasta Plaza 51",3707
605,j4hspyra9s,Equatorial Guinea,"Brawley, Marcy Pass 3",44735
606,6urwaal3mh,Burundi,"San Bruno, Memorial Place 83",20949
607,7zys8oopvu,Greece,"Cerritos, Clyde Gallagher Court 2",30021
608,ermfwk244m,Jordan,"Port Hueneme, Sauthoff Alley 36",20034
609,n4q1te5mnt,Namibia,"Half Moon Bay, Tennyson Crossing 8",37813
610,naryfqgbop,Rwanda,"Montebello, Roth Place 33",44985
611,0vc6pgpt95,Heard and McDonald Islands,"Santa Maria, Jana Trail 57",54047
612,hqmf2z5ote,Iran,"Westminster, Upham Trail 24",13688
613,gqxzkf4yvc,Dominican Republic,"Greenfield, Londonderry Crossing 93",37783
614,mykvuaywwf,Anguilla,"Dinuba, Laurel Road 67",26063
615,0eyvrty4x0,Algeria,"Long Beach, Clarendon Plaza 89",53958
616,h6xr0ztvpb,Colombia,"Glendale, Grover Point 68",916
617,qefgjpcpax,Indonesia,"Farmersville, Division Street 51",56040
618,apm9e39165,Niger,"Hidden Hills, 8th Terrace 92",35095
619,jb7otv5d6c,Libya,"Hughson, Pennsylvania Way 60",5578
620,up77dveqwu,New Caledonia,"Rancho Cucamonga, Caliangt Park 53",16268
621,8hf1whepnv,Armenia,"Napa, Delaware Pass 41",50598
622,1ryesj02gq,Nigeria,"Brawley, Duke Drive 70",32622
623,iirdr9cvb8,Antigua and Barbuda,"Whittier, Golf View Trail 84",31338
624,m8wdpwycm5,Singapore,"Indian Wells, Mosinee Center 29",39928
625,5jtmk4xado,Lebanon,"Davis, Londonderry Road 21",33549
626,cs4sc6d6n8,Bangladesh,"Menifee, Graceland Parkway 56",50115
627,yujayov7fv,Tonga,"Dana Point, Old Shore Lane 44",6608
628,ceowdzzf2d,Italy,"Signal Hill, Delladonna Parkway 68",7496
629,xa2hyr92d3,Madagascar,"Mill Valley, Fairview Street 51",44335
630,nbyfowk0nf,American Samoa,"Arroyo Grande, Blackbird Park 75",10887
631,ji7loghii0,Turkey,"Sunnyvale, Bayside Crossing 83",34979
632,8s37eljlkx,Bermuda,"Cloverdale, Blackbird Crossing 31",48953
633,81u3tf8l9j,Hong Kong,"Antioch, Elgar Plaza 74",20823
634,l3g4174zfp,Sierra Leone,"Lawndale, Division Drive 1",10386
635,6grqhgmc12,Luxembourg,"Lindsay, Hansons Road 21",42505
636,st9rzkuw8q,Lebanon,"Piedmont, Onsgard Parkway 92",11302
637,n3rbs5sdcf,Portugal,"Ripon, Eastwood Plaza 14",51496
638,za6m7mhqv5,Nauru,"Hawaiian Gardens, Harbort Pass 67",20789
639,x5nr2t0xhi,Angola,"Portola, Stephen Street 35",6202
640,7st1tidaih,Turkmenistan,"Huntington Park, Warrior Parkway 45",38313
641,hh1zo8nlzt,Liechtenstein,"Orland, Scott Street 2",12214
642,bx01mbumfa,Kiribati,"Upland, Meadow Valley Terrace 82",13220
643,hjrjgumt5g,Tokelau,"Wheatland, Killdeer Court 6",46069
644,ygwkrqyoe8,Thailand,"McFarland, Nancy Road 10",12481
645,rgwmare0zd,Botswana,"Truckee, Towne Crossing 98",50128
646,29g5rq2ked,Greenland,"McFarland, Loftsgordon Lane 86",58982
647,043y0zpe0w,Pitcairn Island,"Huron, South Park 48",36432
648,thmcivhwyv,Netherlands Antilles,"Huron, Farragut Pass 39",8557
649,ar4zt9kjxp,Åland,"Fullerton, Brentwood Plaza 30",19754
650,xlm2s5u86d,Mauritius,"Thousand Oaks, Namekagon Parkway 17",31720
651,3887avv6i3,Chad,"Farmersville, Farwell Street 27",22062
652,ow1rr6ipip,Niger,"Bradbury, Manitowish Crossing 37",45365
653,vge7rofx2k,Marshall Islands,"Rancho Mirage, Mesta Trail 42",27183
654,0qly1broe1,Algeria,"San Ramon, Lighthouse Bay Lane 64",42078
655,5lgfiahyu4,Nicaragua,"Escalon, Warbler Circle 26",27490
656,0p570hlwso,Senegal,"Tustin, Butternut Alley 14",53330
657,hk6dmom9dj,Guatemala,"Torrance, Petterle Alley 64",1362
658,fevkk9pqmz,British Virgin Islands,"Marysville, Victoria Way 87",1765
659,fhp3o6rona,Sierra Leone,"Colton, Thompson Street 88",5040
660,xmoptnnt92,Saint Kitts and Nevis,"Rosemead, Badeau Circle 54",45824
661,gg0uz9bg2m,Cook Islands,"West Covina, Butterfield Parkway 76",3763
662,fe0soeaqct,Cayman Islands,"Hanford, Thierer Center 98",40161
663,x2mqff7ly7,Ghana,"Buellton, Iowa Park 42",23776
664,xamlajc3sx,Bosnia and Herzegovina,"City of Industry, Graceland Point 75",27888
665,e2yq7ksnxq,Central African Republic,"Santa Ana, Rowland Crossing 86",10533
666,xot74zesn3,Portugal,"San Juan Bautista, Muir Center 36",5776
667,0p8a08dd28,Russia,"Tracy, Laurel Point 82",56700
668,yrumak2pbd,Austria,"Tehachapi, Hagan Avenue 91",25076
669,fl7wyfurv3,Saint Martin,"Torrance, Kennedy Way 36",36873
670,v5uzi1050e,Mauritius,"Orange Cove, Oak Park 18",32791
671,51jl4g37yp,Lebanon,"Walnut, Elgar Street 98",28070
672,6bfnddf2t5,New Caledonia,"San Ramon, Shopko Plaza 19",16388
673,2y6suckspg,Jersey,"Moraga, Oak Alley 74",26029
674,9wiwomr06k,Bhutan,"Isleton, Bayside Circle 66",16722
675,3xwdgjcrbt,Canada,"Pico Rivera, Utah Point 18",9555
676,7st2fb3sjz,Cuba,"Winters, Thackeray Parkway 27",512
677,orjx80aahk,Vatican City State (Holy See),"Simi Valley, Center Circle 62",23505
678,s08ji3azn3,Guatemala,"Montague, Ludington Point 53",59630
679,om3f6i6zqh,Ireland,"Buellton, Debs Alley 10",56690
680,oo9e707d2a,United Arab Emirates,"Paramount, Sheridan Drive 4",27411
681,fe086m27pb,Kiribati,"Huntington Beach, John Wall Junction 60",37576
682,6gsf7wyc13,Oman,"Clearlake, Chinook Crossing 59",54103
683,xkh95o5kwk,Saint Pierre and Miquelon,"Sausalito, Dunning Alley 59",25766
684,c6066siyw1,Vietnam,"Glendora, Arrowood Place 60",49326
685,fsfksp58r6,France,"Porterville, Fuller Junction 53",55616
686,t74gylizcr,Mayotte,"Paramount, Waubesa Way 5",22693
687,dpatysbnkh,Croatia,"Wasco, Butternut Crossing 18",17595
688,3y92g4eza0,Morocco,"Shafter, Clarendon Crossing 57",6543
689,j4ofoe9ovk,Norway,"Montebello, Vernon Avenue 19",46771
690,euf442rs81,Tajikistan,"Signal Hill, Coolidge Parkway 66",12653
691,jetzr9qjqp,Belize,"Inglewood, Dottie Center 33",30417
692,de2nfdxwy6,Moldova,"Roseville, Birchwood Pass 53",27226
693,wtyiimz3n6,"Korea, South","Hidden Hills, Florence Street 59",46152
694,zzp95jn9p6,Bolivia,"Roseville, Swallow Terrace 32",52185
695,t5j1duitp7,Timor-Leste,"Santa Rosa, Holmberg Plaza 83",40738
696,19dtemzi4i,Turks and Caicos Islands,"Big Bear Lake, Prairie Rose Road 64",37189
697,6jxor4vlti,Belize,"Wheatland, Carey Court 62",23845
698,qauj2zl20t,Serbia,"San Bruno, Sullivan Crossing 61",42884
699,kw0yvo3rpc,Bahrain,"Twentynine Palms, Eggendart Park 67",5079
700,5oiwell8jh,Gabon,"Culver City, Arapahoe Road 24",12646
701,e526rkk6we,Slovenia,"Yuba City, Lakewood Plaza 72",21356
702,783wuuynbo,Bulgaria,"Fairfield, Russell Terrace 6",35876
703,jio16we6vt,Malaysia,"Sierra Madre, Florence Way 1",15458
704,fxn5yjb4x2,Malaysia,"Vista, Grasskamp Avenue 78",3503
705,j2e0gk86ye,Kiribati,"Fillmore, Jenna Park 10",31514
706,fjxo6g9r77,Vanuatu,"Canyon Lake, Blue Bill Park Junction 19",39194
707,7sxjqpzdl7,San Marino,"Loma Linda, Huxley Junction 9",54478
708,mj3iqh5h4h,Bulgaria,"Upland, Eggendart Road 26",26279
709,an5w9pa1bx,Mauritius,"Calipatria, Evergreen Parkway 25",11679
710,627hlofjft,Bermuda,"Ojai, Bartelt Pass 58",40747
711,vci9sv2jgp,Iceland,"Parlier, Delladonna Park 25",43444
712,z28eea1e4n,Falkland Islands (Malvinas),"Port Hueneme, West Place 7",4808
713,u3dk3xj1ir,"Palestinian Territory, Occupied","Lincoln, Heath Trail 19",57025
714,q5s3p1nlql,Thailand,"Tracy, Green Place 7",9213
715,ozysq2gtt1,Sao Tome and Principe,"Escalon, Harper Pass 23",25189
716,7im97wew15,Uruguay,"Redding, Meadow Ridge Parkway 88",42061
717,be9f5ab2v9,Trinidad and Tobago,"Rio Vista, Acker Park 59",22447
718,8ep0dpncn0,Macau,"Colfax, Bunting Street 76",58138
719,txng8mseoa,Japan,"Torrance, Ramsey Park 35",16400
720,9i314bfmf2,Aruba,"Santa Maria, Grayhawk Terrace 76",26518
721,unwz0uudfx,India,"Dixon, Mallory Junction 40",13252
722,99ybyo9bdy,Austria,"Trinidad, Manitowish Junction 65",15833
723,v1uf41f7n8,Brazil,"Scotts Valley, Kropf Court 4",32634
724,p2e1byfia4,Greenland,"Corte Madera, Colorado Parkway 55",31153
725,kni817bfp4,Mauritania,"Riverbank, Laurel Alley 55",14873
726,7qvcrdur89,Netherlands Antilles,"Tracy, Maple Parkway 52",7286
727,ulol213h9s,Mauritania,"Visalia, Bluejay Court 55",54689
728,4gmdhaegqv,Palau,"Oroville, Buell Trail 43",55437
729,ujrpdukyuh,Switzerland,"Lynwood, Monterey Avenue 31",32723
730,lnhz37k8yb,Switzerland,"Arcadia, Trailsway Drive 25",25205
731,lvd1vvv1hi,Colombia,"Nevada City, Comanche Circle 72",6605
732,fjf9i3ib5i,Ukraine,"Temple City, Darwin Point 47",9421
733,ux96agf9u6,Switzerland,"National City, Rowland Center 35",837
734,deyu7azlqh,Micronesia,"Elk Grove, Ruskin Junction 72",304
735,bv8nbygm00,Malawi,"Colfax, Cody Place 20",53835
736,1dnfl0vye1,Saint Martin,"Redding, Nelson Hill 86",40816
737,5gnpwdsaoq,Bahrain,"Santa Monica, Quincy Pass 12",52183
738,c2p0bcsk1w,Northern Mariana Islands,"Turlock, Emmet Place 89",21760
739,216v191bgt,French Southern Territories,"San Juan Bautista, Columbus Road 7",39472
740,55nugsvg15,Greenland,"Los Angeles, 1st Park 85",9182
741,h39aowa1h1,Guinea,"San Joaquin, Sommers Terrace 76",47156
742,9ey7ii2y8g,Åland,"Pittsburg, Westridge Drive 53",47977
743,ebg226qjv9,Jamaica,"Victorville, Buhler Avenue 49",35562
744,eigk8iihfg,Philippines,"Lake Forest, Fallview Trail 60",37059
745,zs6287t6u5,Guinea-Bissau,"Corte Madera, Eagan Point 48",46784
746,v47odoif6l,Czech Republic,"Temple City, Hazelcrest Circle 13",52963
747,oh9we4z2c3,Mongolia,"Loma Linda, Summit Park 20",23442
748,yii5vhk00m,United States of America,"City of Industry, Washington Road 88",2210
749,fniyvqs4rt,Senegal,"Vernon, Jay Terrace 21",56623
750,p81t6h1q36,Maldives,"Pacifica, Meadow Vale Hill 89",45148
751,8w48hhi726,Guinea,"Imperial Beach, Union Park 63",28096
752,2uo3ep9xdo,Mexico,"Gustine, Jenna Center 58",7888
753,y6c4oszu66,Barbados,"Patterson, Johnson Road 82",15206
754,3xvlb00jlk,Equatorial Guinea,"Irvine, Shelley Trail 19",11014
755,ksn11skdjv,"Korea, North","Buena Park, Menomonie Way 30",3152
756,1i8aberuih,Armenia,"National City, Paget Crossing 13",44973
757,7icmnedpxz,Yugoslavia,"Oceanside, Bellgrove Plaza 86",44157
758,ebb4c98gtn,Turkmenistan,"Redlands, Moulton Court 95",26791
759,wv44rj2om6,Northern Mariana Islands,"San Ramon, Reindahl Terrace 40",18401
760,jitlxhoaoa,Denmark,"Claremont, Hallows Lane 55",13465
761,ie3astwcf9,Croatia,"Baldwin Park, Fairview Way 96",29703
762,2j0o7evt0v,Guernsey,"Coachella, Division Drive 7",37045
763,4j2ymvudpd,Finland,"Kingsburg, Mariners Cove Circle 10",43888
764,maz70z2d1q,Colombia,"Barstow, Lake View Road 9",13546
765,dcarwpokz4,Germany,"Calipatria, Fallview Center 31",22902
766,is66efd9py,Pakistan,"Bakersfield, Little Fleur Way 40",3724
767,kno4uh61xg,Angola,"Carlsbad, Pearson Alley 86",50109
768,qvly5rgmog,Saint Martin,"Rolling Hills Estates, Fairfield Terrace 56",27078
769,q6lqp0wx6s,Uzbekistan,"McFarland, Eagle Crest Trail 22",23664
770,i3l0ewuu3a,Jersey,"Ojai, Merchant Pass 54",6337
771,oitv7xglv8,Kiribati,"Hemet, Northland Way 38",19627
772,98ck16311d,Gibraltar,"Lodi, Helena Crossing 49",9693
773,hfcaeh7ilh,Armenia,"San Leandro, Mesta Alley 20",59502
774,0lnosoihg9,South Africa,"Tiburon, Golf Road 51",49831
775,vsrx8aancr,Monaco,"Lynwood, Kingsford Avenue 14",8033
776,2smlmqttau,Botswana,"City of Commerce, Linden Way 34",37889
777,lw4k0ojat5,Turkmenistan,"Compton, Coolidge Street 35",6969
778,ibfa8dgnos,Israel,"Lynwood, Almo Place 64",593
779,z2kea7530h,Moldova,"Claremont, Dwight Trail 52",50972
780,w9hrmv09ku,Pitcairn Island,"Rio Dell, Merrick Avenue 23",53977
781,x9irkxo4dr,Puerto Rico,"Covina, Straubel Parkway 55",2273
782,dk3ozlcu6q,San Marino,"St. Helena, Brown Circle 68",45215
783,lv153yrdlj,American Samoa,"Fort Bragg, Golf Junction 77",31374
784,ui17j22ice,Japan,"Moorpark, Dayton Parkway 58",17222
785,l6yq9azif0,China,"Watsonville, Arapahoe Trail 51",57310
786,kyh7yg62as,Poland,"Half Moon Bay, Upham Way 91",33712
787,978mxdqruz,Uruguay,"Loyalton, Swallow Crossing 16",691
788,uw2qjydax8,Bulgaria,"San Gabriel, International Parkway 67",26143
789,d47jsq4bdl,Canada,"California City, Grasskamp Junction 4",54995
790,mc9h5ukbwo,Ukraine,"Yucaipa, Bluestem Center 40",49286
791,5if1mh9etf,Svalbard and Jan Mayen Islands,"Santa Cruz, Darwin Way 58",45588
792,8h394y0le3,Burundi,"Westmorland, Daystar Lane 74",18105
793,iwjt3xa3uv,Czech Republic,"Folsom, Claremont Alley 26",56594
794,a0cl5i9rh8,Niue,"San Bruno, Anhalt Way 33",49386
795,v04sest4t0,Sri Lanka,"South El Monte, Acker Road 19",44922
796,z0c2upt5gu,Belgium,"Porterville, Fieldstone Drive 77",13688
797,7q3e0f9d6l,Morocco,"Escalon, Sunfield Circle 89",21269
798,mw15fex24u,Syria,"Redlands, Ridgeview Lane 25",6309
799,z701ol4itc,Norfolk Island,"Indio, Sage Way 45",34057
800,pb9yppxye0,Ethiopia,"Greenfield, Milwaukee Lane 84",42339
801,unmutk6i2i,Oman,"Monterey, Waxwing Center 1",41569
802,hqjov1erfi,Romania,"Santa Monica, Morrow Plaza 79",48857
803,bkg42dqwxk,Thailand,"Lomita, Donald Point 73",9286
804,xm3cs0c5g4,Japan,"Woodlake, Northport Alley 62",37079
805,3863ewqgx2,Palau,"Tulare, Graceland Park 60",23227
806,g58ihe2yiw,Cuba,"Winters, Melody Place 74",25122
807,2es4nrhwt0,Peru,"Seal Beach, Everett Crossing 6",1847
808,9hp0n6i2fp,Tajikistan,"Rio Vista, Monterey Plaza 2",12320
809,1sjhcbp2k2,Antarctica,"Solana Beach, Lakeland Terrace 42",18284
810,jl7rpd41m6,Liberia,"La Puente, Bay Court 52",33536
811,1c0ht260e3,Tuvalu,"Red Bluff, Harbort Park 27",35507
812,w8um63ffkp,Morocco,"Downey, Crest Line Pass 96",45730
813,5x4ajujcnp,Bolivia,"Folsom, Magdeline Alley 36",14873
814,1z2gakeae5,Syria,"Millbrae, Division Center 97",58389
815,xw6s0oewe1,Bouvet Island,"Wheatland, Elka Trail 31",2599
816,x4nz5bfjgr,Micronesia,"Riverside, Aberg Trail 93",37647
817,mfw9b0zo61,Slovenia,"Pleasanton, Del Mar Crossing 19",17441
818,yhlzfjjwjf,Ireland,"Huntington Park, Jay Pass 85",32912
819,s589rqvhp1,Guadeloupe,"Norco, Texas Center 46",44810
820,hkfmw5d2s6,Vatican City State (Holy See),"Yuba City, Donald Hill 19",31178
821,poxdgqk4er,Tunisia,"Healdsburg, Quincy Pass 85",18311
822,qvmgwn49l1,Georgia,"Rialto, Golf Avenue 35",19334
823,k418y72opr,Andorra,"Fontana, Eastlawn Road 33",12491
824,1arha00ifr,Samoa,"Arcadia, Elmside Place 14",39729
825,l7ud3jojs3,Uruguay,"La Mirada, 7th Point 59",33011
826,uuo85wsd0n,Taiwan,"Laguna Beach, Lakewood Gardens Place 66",36304
827,xwa57zv8sn,Dominican Republic,"Greenfield, Emmet Road 24",24808
828,3gzv2k39vn,Antigua and Barbuda,"Delano, Fairfield Drive 47",27310
829,big6a68z1m,Cameroon,"Wheatland, Brentwood Place 28",20390
830,ezczfpmnm5,"Palestinian Territory, Occupied","Santa Rosa, Calypso Lane 13",9446
831,eqzckbtzbc,Grenada,"Del Mar, Melody Pass 76",18805
832,f08igflmb4,Kyrgyzstan,"Pismo Beach, Waubesa Trail 86",44581
833,hr38x46y9y,Montenegro,"Windsor, Susan Pass 33",1345
834,0oog5bw6o0,Guinea,"Tustin, Hoard Circle 33",37850
835,4smckf3w8b,Iraq,"Walnut, Oakridge Court 75",31851
836,yj1uevjqic,Honduras,"Montebello, Rockefeller Hill 29",48728
837,f8cudqtx5f,Equatorial Guinea,"Tulelake, Nancy Trail 34",56433
838,posc94epvd,Bhutan,"South Pasadena, Clove Place 85",40937
839,n3fl78bxx8,Kiribati,"Ridgecrest, Norway Maple Crossing 62",24879
840,0uznz347xg,Finland,"Walnut, Forest Run Place 96",16125
841,7nlk06m4s0,Paraguay,"Bishop, Doe Crossing Road 3",45648
842,pfaskmfadm,Switzerland,"Lake Elsinore, Forest Run Lane 13",43749
843,vrn9v12fmb,Qatar,"Studio City, Orin Circle 43",41674
844,iw5i9zo3bm,Vatican City State (Holy See),"Alhambra, Cardinal Pass 37",47852
845,12bssp63zy,Malawi,"Belmont, Hermina Place 4",38673
846,eqpt3zeduj,Greenland,"Union City, Truax Court 24",26083
847,xnmegvhcvx,"Congo, Republic of","Holtville, Fuller Place 15",22902
848,9b8vveimwh,Slovakia,"San Fernando, Rowland Avenue 81",29664
849,6ln7asm6go,Cameroon,"Loomis, Crest Line Street 94",25618
850,p1k013qwtk,Guyana,"Goleta, Ramsey Terrace 30",3294
851,fv5d0eup2r,United Kingdom,"Waterford, Roxbury Point 65",31134
852,mden2pvn7b,Mauritania,"Ferndale, Service Hill 69",58833
853,6bh7ojy3xh,Portugal,"City of Commerce, Springs Point 22",39774
854,j9dowjfgu3,Denmark,"Santa Paula, Gulseth Lane 64",7201
855,tb4ajzyrgm,Suriname,"Fullerton, Brown Park 9",42235
856,sy81bxbkjh,Kiribati,"San Clemente, Lakewood Center 13",26543
857,6fug31qkzg,Senegal,"Laguna Beach, Goodland Crossing 77",57729
858,8s07v4zl0y,El Salvador,"Yucaipa, Schiller Parkway 75",29379
859,xsjx8uh076,British Indian Ocean Territory,"Fountain Valley, Old Gate Plaza 47",46456
860,67epm6gd6g,Belgium,"Maywood, Vernon Junction 77",14527
861,uauuf2uk1o,Peru,"Cotati, Prairieview Trail 87",40766
862,njqriixs1k,Bouvet Island,"Menlo Park, Arrowood Hill 93",29573
863,setijx8w6a,Thailand,"Redondo Beach, Bay Drive 99",31376
864,qsmi0zeoqa,Pitcairn Island,"Santa Barbara, 1st Avenue 60",14188
865,yqn51ht10q,Aruba,"Portola Valley, Tennessee Road 37",42102
866,mbmvhk77kf,Sao Tome and Principe,"Pismo Beach, Warbler Avenue 70",32259
867,5bekcgsi9k,Bulgaria,"Isleton, Coolidge Street 6",27085
868,8x0atsr60n,Jordan,"Sebastopol, Lukken Way 48",55621
869,kcfp42ewqz,Cuba,"Solvang, Nancy Trail 60",2971
870,ylzos0bzxp,Latvia,"McFarland, Vera Terrace 80",20531
871,kcn1y8ou46,Nicaragua,"Westmorland, Village Road 97",21636
872,x7izc5vthh,Germany,"San Bernardino, Esch Street 13",43254
873,hkgj65jq1f,Mozambique,"Williams, Hintze Trail 81",39892
874,hdfy2sxf3p,Palau,"Rolling Hills Estates, New Castle Avenue 2",55157
875,satj3v7u68,Mayotte,"Plymouth, Troy Avenue 3",5079
876,8gvz7t9i39,Benin,"San Rafael, Johnson Parkway 38",43550
877,cbjr4n94sy,Armenia,"Yucaipa, Randy Way 68",8796
878,6j303agxri,Antigua and Barbuda,"Escalon, Arizona Circle 94",34975
879,le9hoadwiv,Czech Republic,"Crescent City, Shoshone Park 71",53894
880,38wkbpxrpp,Bouvet Island,"Bakersfield, Hollow Ridge Crossing 16",16861
881,kjsnp94q5w,Kuwait,"Encinitas, Hallows Street 60",44663
882,5azmbgrauv,Guam,"El Centro, Lunder Court 47",33368
883,93u5buudwt,Turkmenistan,"Montague, Summer Ridge Crossing 21",37610
884,5kb89hzt7n,Saint Martin,"Azusa, Reinke Trail 39",56220
885,wl27bgvsug,Paraguay,"Eureka, Harper Parkway 17",14534
886,gidhadfgk0,Pakistan,"Carpinteria, Westridge Center 15",29653
887,9cj0n5xydx,Yemen,"San Bernardino, Goodland Plaza 71",21942
888,zuifuea848,Peru,"Burlingame, Hanover Lane 49",55616
889,o9bp4w1oaj,American Samoa,"Stockton, Mendota Parkway 90",19126
890,emy9e8jx7h,Saint Helena,"Gilroy, Mcguire Plaza 27",56422
891,2paunq213j,Gibraltar,"Lemon Grove, Columbus Way 9",55301
892,kbovtphs4c,Bermuda,"Marysville, Rockefeller Parkway 66",36759
893,ujg4ocawbr,South Africa,"Willits, Southridge Lane 40",46175
894,vr3le5ejsi,Norfolk Island,"Placentia, Hazelcrest Trail 84",42302
895,966w70153u,French Polynesia,"Waterford, Northridge Point 91",2949
896,4brbrdlj01,Isle of Man,"Seaside, Cambridge Place 88",24738
897,0tvb4ifb4x,Malta,"Oceanside, Dwight Alley 88",20351
898,g4e4jcdhxw,Cape Verde,"Compton, Briar Crest Alley 71",41147
899,t5alfv6io9,Mauritius,"Kingsburg, Rutledge Alley 2",28089
900,wpl2tfd1ol,Malta,"Ferndale, Calypso Parkway 59",27366
901,959lbnkctj,Slovakia,"Paramount, Superior Terrace 38",52453
902,9o99cgub92,Sri Lanka,"San Leandro, Eliot Drive 80",20324
903,etu4o9kld9,"Congo, Republic of","San Carlos, Moland Parkway 35",31869
904,fmx7rl2n32,Laos,"Norwalk, Briar Crest Center 60",49380
905,l4411t39ir,Tuvalu,"Tustin, Moulton Parkway 20",3449
906,ou9a719sh2,Uruguay,"Santa Paula, Stone Corner Lane 56",10298
907,gkh9ijbfmb,Cambodia,"Los Angeles, Rutledge Circle 74",48099
908,esj9lpwqh6,Somalia,"El Cerrito, Forster Place 83",51587
909,2xid9nacpw,Zimbabwe,"Seaside, Kingsford Circle 98",51685
910,gi8ygavy3s,United States Virgin Islands,"Reedley, Spaight Place 46",45568
911,52gfw3264h,Philippines,"La Cañada Flintridge, Hauk Way 64",11740
912,ceuevumal8,Tonga,"Atascadero, Knutson Court 24",58708
913,a301coeiim,Vatican City State (Holy See),"Sacramento, Lake View Crossing 14",18988
914,c2itvk6or4,Ecuador,"Manteca, Kings Plaza 8",40351
915,z519yinb62,Equatorial Guinea,"Clovis, Tony Street 15",23443
916,ymvj2lin76,Kenya,"Carpinteria, Waywood Hill 37",45050
917,xccz3ch1no,Guyana,"Madera, Daystar Avenue 20",21664
918,rcfa0f5zsp,Liberia,"Wheatland, Johnson Plaza 57",21445
919,o71586dqeq,Moldova,"Jackson, Dixon Place 26",53835
920,tjmvrlak7p,Afghanistan,"San Gabriel, Macpherson Lane 96",16709
921,vfhf8ro56g,Zambia,"Pacifica, Marquette Road 64",27198
922,hnij8qcgmq,Swaziland,"Laguna Woods, Norway Maple Court 71",31542
923,5g8bhtktyj,Iraq,"Grover Beach, Packers Circle 68",15519
924,9z7hco6llg,Svalbard and Jan Mayen Islands,"Palm Desert, Oneill Circle 35",1990
925,73yw4odgdv,Wallis and Futuna Islands,"Hawaiian Gardens, Quincy Terrace 63",20291
926,dbjjyam5bo,Saint Kitts and Nevis,"San Gabriel, Talmadge Junction 6",51565
927,vxxi1o4c77,British Virgin Islands,"Monte Sereno, Scofield Terrace 23",35405
928,q9ilelqztp,French Southern Territories,"Piedmont, Algoma Lane 79",7757
929,htzobnmfjq,Samoa,"Santa Barbara, Sachtjen Parkway 20",32681
930,ippkgk781y,Comoros,"Arcadia, North Terrace 88",1157
931,rzcxvcn7m1,United States of America,"Watsonville, Delaware Junction 74",3336
932,i8h5ljs5kr,Bermuda,"Rancho Mirage, Fairview Terrace 16",37355
933,sup9q9xsow,Bolivia,"Santa Paula, Grasskamp Avenue 28",6567
934,vuttjum79s,Pakistan,"Belvedere, Dixon Crossing 35",23334
935,iteqzlhf3c,Turks and Caicos Islands,"Atwater, Oak Hill 58",6222
936,bt2bost0da,Finland,"Goleta, Di Loreto Street 94",47827
937,19v7xnupkj,Cape Verde,"Concord, Vermont Pass 9",18798
938,dn7hkri3g9,Timor-Leste,"Colton, Vahlen Park 98",8372
939,khfjxytwpi,Israel,"San Luis Obispo, Scofield Parkway 87",14598
940,xlvaxibj1k,Sao Tome and Principe,"Firebaugh, Upham Street 54",59991
941,g9u1w30a1m,Northern Mariana Islands,"Gilroy, Surrey Hill 63",51863
942,hbgwodhmp6,Serbia,"Citrus Heights, Commercial Street 44",41641
943,uniq2raan9,Egypt,"Solvang, Commercial Point 96",19930
944,euxba06bk4,Samoa,"Aliso Viejo, Granby Street 98",5027
945,vy9qbv7jh7,Rwanda,"Truckee, Tomscot Trail 71",2342
946,o7sq3xj9s2,Wallis and Futuna Islands,"Salinas, Mariners Cove Court 4",23864
947,yr8pehn2bl,Kazakhstan,"Fontana, Fulton Avenue 56",5863
948,w64jex0hpq,Togo,"Stanton, Loftsgordon Way 93",56641
949,epujfdfmdw,Eritrea,"Hughson, Rusk Center 92",27947
950,7tyru2ao69,Moldova,"Placerville, Riverside Pass 34",4037
951,rmlv84jukv,United Arab Emirates,"Tulare, Kingsford Crossing 64",29194
952,87sz0vgfad,Seychelles,"Barstow, Hanson Circle 39",22586
953,82s7j1up9g,Netherlands Antilles,"Santa Cruz, Brickson Park Junction 99",26936
954,8njnzl171p,Montserrat,"Isleton, Colorado Park 63",39192
955,agdhk8ibxa,Bermuda,"Corte Madera, Main Drive 99",13963
956,opil593brc,Trinidad and Tobago,"Mill Valley, Buena Vista Hill 96",47263
957,24wan0yf0b,Saint Martin,"Modesto, Warner Way 21",43872
958,j8bccxdxpf,Myanmar,"Morro Bay, Northport Terrace 99",25205
959,r4wee2oetf,Nauru,"Cupertino, Texas Hill 83",48513
960,f2dh7lx375,Guadeloupe,"Taft, Moose Court 16",38909
961,acbla1za1u,Cape Verde,"San Rafael, American Ash Terrace 35",20918
962,a9lrl86i5w,Portugal,"Escondido, Lawn Drive 31",37960
963,fsu3kmj3bj,Uruguay,"McFarland, Amoth Circle 94",28702
964,0n0cpqc4xq,New Zealand,"Cathedral City, Debs Circle 43",9082
965,ikfvxozdet,Iraq,"Madera, Buena Vista Hill 10",24863
966,d2hfvciyh5,Mauritania,"Trinidad, Luster Drive 72",49261
967,wc7g4m7k4k,Guatemala,"Ferndale, Green Parkway 50",37364
968,q6dsmm3aii,Antigua and Barbuda,"Mill Valley, Bay Lane 52",10663
969,jbad2e9t60,USSR,"Calexico, David Terrace 33",19462
970,wvejwidkmi,Andorra,"Walnut, Kipling Way 27",24499
971,2o2zmmjvtl,Guinea,"Fort Bragg, Sage Plaza 98",57628
972,et031w6hug,Swaziland,"Fowler, Holy Cross Alley 97",9796
973,hsmnxtfwuu,Equatorial Guinea,"Oceanside, Saint Paul Crossing 69",57441
974,7b5at67hw7,Mexico,"Amador City, Jay Center 68",25683
975,546e5cs3m8,Malta,"Susanville, Arizona Trail 28",39929
976,v5b7v2bvty,Liechtenstein,"El Monte, Melby Circle 41",49581
977,1ksh5r7ssz,Thailand,"Atascadero, Dennis Crossing 66",48530
978,lwsftbaq0n,Morocco,"Yorba Linda, Hooker Terrace 57",33352
979,hv080bodus,Macau,"Mission Viejo, Aberg Court 29",6390
980,umf8nszyf8,Guinea-Bissau,"La Quinta, Nova Point 58",36908
981,z849t675kr,Jersey,"Belvedere, Atwood Lane 4",45377
982,t61w196a84,Panama,"Yucca Valley, Logan Junction 65",23246
983,uszi0slqb4,Isle of Man,"Yucca Valley, Stoughton Parkway 1",40569
984,xv9gjumpt2,Gibraltar,"La Mesa, Victoria Drive 56",32377
985,rolhzfeklv,Niue,"Coachella, Bluejay Junction 84",35743
986,fd1uh815pl,Peru,"Riverside, Union Trail 78",10760
987,5hlj21ahnt,Timor-Leste,"Fullerton, Rieder Crossing 84",9218
988,f6lm8nggba,Bolivia,"Yucca Valley, La Follette Plaza 44",46433
989,fqfexbwwjr,Mongolia,"Escalon, Mayfield Pass 94",31459
990,9zyd8kyv0a,Tajikistan,"Sunnyvale, Harper Junction 52",49492
991,u58vit263m,Burkina Faso,"San Carlos, North Plaza 19",21629
992,kfxvqdajjf,Marshall Islands,"Imperial Beach, Blaine Court 60",44543
993,aecll44fwj,Andorra,"Fresno, Toban Junction 49",40641
994,spwngf8pu3,Algeria,"Lafayette, Barby Place 41",57128
995,57x65yhh7o,Sudan,"Buellton, Quincy Trail 17",32389
996,2yd3b4ejzv,Vatican City State (Holy See),"Trinidad, Golf Drive 68",43661
997,fgrzh1cy4k,Argentina,"Union City, Valley Edge Way 29",37374
998,6iw1kxf41y,Senegal,"Calabasas, Westridge Alley 12",37498
999,dby1n7qyar,Pakistan,"Dana Point, Hooker Center 70",10337
1000,emabxd1xsw,Singapore,"Salinas, Dayton Road 50",2423
